"finding_id","fingerprint","rule_id","severity","security_severity","file","line","message","category","runtime_reachability","evidence","remediation","owner","review_date","expiry_date","source_candidate","fresh_sarif_sha256"
"post-run-1-result-1","rule:js/identity-replacement|primaryLocationLineHash:3b08fd5160f514c7:1|primaryLocationStartColumnFingerprint:67|artifact:geezle-backend/src/services/money.service.ts|line:85","js/identity-replacement","warning","5.0","geezle-backend/src/services/money.service.ts","85","This replaces '0' with itself.","verified false positive","production reachability requires manual call-path review","The operation replaces the literal character 0 with itself and does not influence a security decision, query, path, command, credential, or output boundary.","Verified false positive; no source remediation required.","Backend security owner","2026-09-24","","4fa003df704a3a369a1923dd1d752fc937ddd971","CBD3A5440642321E771B6808257B0CFEFD934E1106C504854E11889C4F7B5053"
"post-run-1-result-2","rule:js/path-injection|primaryLocationLineHash:400f7ec9944c9791:1|primaryLocationStartColumnFingerprint:55|artifact:geezle-backend/src/controllers/admin.systemBackup.controller.ts|line:227","js/path-injection","error","7.5","geezle-backend/src/controllers/admin.systemBackup.controller.ts","227","This path depends on a [user-provided value](1).","accepted safe pattern","production-runtime/authenticated-route","Filesystem access is constrained by requirePathWithin/isPathWithin against an approved root before access; traversal is rejected.","Retain fixed-root containment tests.","Backend security owner","2026-09-24","","4fa003df704a3a369a1923dd1d752fc937ddd971","CBD3A5440642321E771B6808257B0CFEFD934E1106C504854E11889C4F7B5053"
"post-run-1-result-3","rule:js/path-injection|primaryLocationLineHash:e75f3fd62d47e4c4:1|primaryLocationStartColumnFingerprint:18|artifact:geezle-backend/src/controllers/admin.systemBackup.controller.ts|line:228","js/path-injection","error","7.5","geezle-backend/src/controllers/admin.systemBackup.controller.ts","228","This path depends on a [user-provided value](1).","accepted safe pattern","production-runtime/authenticated-route","Filesystem access is constrained by requirePathWithin/isPathWithin against an approved root before access; traversal is rejected.","Retain fixed-root containment tests.","Backend security owner","2026-09-24","","4fa003df704a3a369a1923dd1d752fc937ddd971","CBD3A5440642321E771B6808257B0CFEFD934E1106C504854E11889C4F7B5053"
"post-run-1-result-4","rule:js/path-injection|primaryLocationLineHash:296a14b2eb11fc2e:1|primaryLocationStartColumnFingerprint:14|artifact:geezle-backend/src/controllers/admin.systemBackup.controller.ts|line:267","js/path-injection","error","7.5","geezle-backend/src/controllers/admin.systemBackup.controller.ts","267","This path depends on a [user-provided value](1).","accepted safe pattern","production-runtime/authenticated-route","Filesystem access is constrained by requirePathWithin/isPathWithin against an approved root before access; traversal is rejected.","Retain fixed-root containment tests.","Backend security owner","2026-09-24","","4fa003df704a3a369a1923dd1d752fc937ddd971","CBD3A5440642321E771B6808257B0CFEFD934E1106C504854E11889C4F7B5053"
"post-run-1-result-5","rule:js/path-injection|primaryLocationLineHash:4350c364f15bee3e:1|primaryLocationStartColumnFingerprint:18|artifact:geezle-backend/src/controllers/filesController.ts|line:380","js/path-injection","error","7.5","geezle-backend/src/controllers/filesController.ts","380","This path depends on a [user-provided value](1). This path depends on a [user-provided value](2). This path depends on a [user-provided value](3). This path depends on a [user-provided value](4). This path depends on a [user-provided value](5). This path depends on a [user-provided value](6).","accepted safe pattern","production-runtime/authenticated-route","Filesystem access is constrained by requirePathWithin/isPathWithin against an approved root before access; traversal is rejected.","Retain fixed-root containment tests.","Backend security owner","2026-09-24","","4fa003df704a3a369a1923dd1d752fc937ddd971","CBD3A5440642321E771B6808257B0CFEFD934E1106C504854E11889C4F7B5053"
"post-run-1-result-6","rule:js/path-injection|primaryLocationLineHash:4350c364f15bee3e:1|primaryLocationStartColumnFingerprint:43|artifact:geezle-backend/src/controllers/filesController.ts|line:380","js/path-injection","error","7.5","geezle-backend/src/controllers/filesController.ts","380","This path depends on a [user-provided value](1). This path depends on a [user-provided value](2). This path depends on a [user-provided value](3). This path depends on a [user-provided value](4). This path depends on a [user-provided value](5). This path depends on a [user-provided value](6).","accepted safe pattern","production-runtime/authenticated-route","Filesystem access is constrained by requirePathWithin/isPathWithin against an approved root before access; traversal is rejected.","Retain fixed-root containment tests.","Backend security owner","2026-09-24","","4fa003df704a3a369a1923dd1d752fc937ddd971","CBD3A5440642321E771B6808257B0CFEFD934E1106C504854E11889C4F7B5053"
"post-run-1-result-7","rule:js/path-injection|primaryLocationLineHash:1e0ec86d451f3a88:1|primaryLocationStartColumnFingerprint:30|artifact:geezle-backend/src/controllers/filesController.ts|line:407","js/path-injection","error","7.5","geezle-backend/src/controllers/filesController.ts","407","This path depends on a [user-provided value](1). This path depends on a [user-provided value](2).","accepted safe pattern","production-runtime/authenticated-route","Filesystem access is constrained by requirePathWithin/isPathWithin against an approved root before access; traversal is rejected.","Retain fixed-root containment tests.","Backend security owner","2026-09-24","","4fa003df704a3a369a1923dd1d752fc937ddd971","CBD3A5440642321E771B6808257B0CFEFD934E1106C504854E11889C4F7B5053"
"post-run-1-result-8","rule:js/path-injection|primaryLocationLineHash:30527ee346aab85b:1|primaryLocationStartColumnFingerprint:23|artifact:geezle-backend/src/controllers/filesController.ts|line:408","js/path-injection","error","7.5","geezle-backend/src/controllers/filesController.ts","408","This path depends on a [user-provided value](1). This path depends on a [user-provided value](2).","accepted safe pattern","production-runtime/authenticated-route","Filesystem access is constrained by requirePathWithin/isPathWithin against an approved root before access; traversal is rejected.","Retain fixed-root containment tests.","Backend security owner","2026-09-24","","4fa003df704a3a369a1923dd1d752fc937ddd971","CBD3A5440642321E771B6808257B0CFEFD934E1106C504854E11889C4F7B5053"
"post-run-1-result-9","rule:js/path-injection|primaryLocationLineHash:218cc5f78149303f:1|primaryLocationStartColumnFingerprint:31|artifact:geezle-backend/src/controllers/filesController.ts|line:1070","js/path-injection","error","7.5","geezle-backend/src/controllers/filesController.ts","1070","This path depends on a [user-provided value](1). This path depends on a [user-provided value](2).","accepted safe pattern","production-runtime/authenticated-route","Filesystem access is constrained by requirePathWithin/isPathWithin against an approved root before access; traversal is rejected.","Retain fixed-root containment tests.","Backend security owner","2026-09-24","","4fa003df704a3a369a1923dd1d752fc937ddd971","CBD3A5440642321E771B6808257B0CFEFD934E1106C504854E11889C4F7B5053"
"post-run-1-result-10","rule:js/path-injection|primaryLocationLineHash:9e6011010e6b195b:1|primaryLocationStartColumnFingerprint:37|artifact:geezle-backend/src/controllers/filesController.ts|line:3061","js/path-injection","error","7.5","geezle-backend/src/controllers/filesController.ts","3061","This path depends on a [user-provided value](1). This path depends on a [user-provided value](2).","accepted safe pattern","production-runtime/authenticated-route","Filesystem access is constrained by requirePathWithin/isPathWithin against an approved root before access; traversal is rejected.","Retain fixed-root containment tests.","Backend security owner","2026-09-24","","4fa003df704a3a369a1923dd1d752fc937ddd971","CBD3A5440642321E771B6808257B0CFEFD934E1106C504854E11889C4F7B5053"
"post-run-1-result-11","rule:js/path-injection|primaryLocationLineHash:28a3f5ce079afa98:1|primaryLocationStartColumnFingerprint:41|artifact:geezle-backend/src/controllers/filesController.ts|line:3329","js/path-injection","error","7.5","geezle-backend/src/controllers/filesController.ts","3329","This path depends on a [user-provided value](1).","accepted safe pattern","production-runtime/authenticated-route","Filesystem access is constrained by requirePathWithin/isPathWithin against an approved root before access; traversal is rejected.","Retain fixed-root containment tests.","Backend security owner","2026-09-24","","4fa003df704a3a369a1923dd1d752fc937ddd971","CBD3A5440642321E771B6808257B0CFEFD934E1106C504854E11889C4F7B5053"
"post-run-1-result-12","rule:js/path-injection|primaryLocationLineHash:320a139f2b836f4f:1|primaryLocationStartColumnFingerprint:32|artifact:geezle-backend/src/controllers/filesController.ts|line:3353","js/path-injection","error","7.5","geezle-backend/src/controllers/filesController.ts","3353","This path depends on a [user-provided value](1).","accepted safe pattern","production-runtime/authenticated-route","The favicon source is accepted only after isPathWithin(UPLOAD_DIR, req.file.path) and canonical path resolution; the copy operation cannot use a path outside the approved upload root.","Remediation is present in filesController.ts; existing safe-path tests cover fixed-root containment and traversal rejection.","Backend security owner","2026-09-24","","4fa003df704a3a369a1923dd1d752fc937ddd971","CBD3A5440642321E771B6808257B0CFEFD934E1106C504854E11889C4F7B5053"
"post-run-1-result-13","rule:js/path-injection|primaryLocationLineHash:df03955c0ee0665:1|primaryLocationStartColumnFingerprint:16|artifact:geezle-backend/src/controllers/filesController.ts|line:3354","js/path-injection","error","7.5","geezle-backend/src/controllers/filesController.ts","3354","This path depends on a [user-provided value](1).","accepted safe pattern","production-runtime/authenticated-route","The favicon source is accepted only after isPathWithin(UPLOAD_DIR, req.file.path) and canonical path resolution; the copy operation cannot use a path outside the approved upload root.","Remediation is present in filesController.ts; existing safe-path tests cover fixed-root containment and traversal rejection.","Backend security owner","2026-09-24","","4fa003df704a3a369a1923dd1d752fc937ddd971","CBD3A5440642321E771B6808257B0CFEFD934E1106C504854E11889C4F7B5053"
"post-run-1-result-14","rule:js/path-injection|primaryLocationLineHash:c5cd1b6d0e8c2bee:1|primaryLocationStartColumnFingerprint:35|artifact:geezle-backend/src/services/storage/gcsMediaStorage.ts|line:129","js/path-injection","error","7.5","geezle-backend/src/services/storage/gcsMediaStorage.ts","129","This path depends on a [user-provided value](1). This path depends on a [user-provided value](2). This path depends on a [user-provided value](3).","accepted safe pattern","production-runtime/authenticated-route","normalizeObjectKey strips leading separators and the value is passed as a cloud object key to bucket.file; no local filesystem path is constructed.","Retain object-key normalization and traversal regression coverage.","Backend security owner","2026-09-24","","4fa003df704a3a369a1923dd1d752fc937ddd971","CBD3A5440642321E771B6808257B0CFEFD934E1106C504854E11889C4F7B5053"
"post-run-1-result-15","rule:js/path-injection|primaryLocationLineHash:606e3aebfdd0e3d3:1|primaryLocationStartColumnFingerprint:47|artifact:geezle-backend/src/services/storage/mediaStorage.service.ts|line:214","js/path-injection","error","7.5","geezle-backend/src/services/storage/mediaStorage.service.ts","214","This path depends on a [user-provided value](1). This path depends on a [user-provided value](2).","accepted safe pattern","production-runtime/authenticated-route","buildMediaObjectKey bounds owner/category characters and uses basename plus safeFilename for the original name; output is a cloud object key under media/YYYY/MM","not a local path.","Backend security owner","2026-09-24","","4fa003df704a3a369a1923dd1d752fc937ddd971","CBD3A5440642321E771B6808257B0CFEFD934E1106C504854E11889C4F7B5053"
"post-run-1-result-16","rule:js/path-injection|primaryLocationLineHash:c5fb13044791cdf3:1|primaryLocationStartColumnFingerprint:25|artifact:geezle-backend/src/services/storage/mediaStorage.service.ts|line:215","js/path-injection","error","7.5","geezle-backend/src/services/storage/mediaStorage.service.ts","215","This path depends on a [user-provided value](1). This path depends on a [user-provided value](2).","accepted safe pattern","production-runtime/authenticated-route","buildMediaObjectKey bounds owner/category characters and uses basename plus safeFilename for the original name; output is a cloud object key under media/YYYY/MM","not a local path.","Backend security owner","2026-09-24","","4fa003df704a3a369a1923dd1d752fc937ddd971","CBD3A5440642321E771B6808257B0CFEFD934E1106C504854E11889C4F7B5053"
"post-run-1-result-17","rule:js/path-injection|primaryLocationLineHash:606e3aebfdd0e3d3:2|primaryLocationStartColumnFingerprint:47|artifact:geezle-backend/src/services/storage/mediaStorage.service.ts|line:239","js/path-injection","error","7.5","geezle-backend/src/services/storage/mediaStorage.service.ts","239","This path depends on a [user-provided value](1). This path depends on a [user-provided value](2).","accepted safe pattern","production-runtime/authenticated-route","buildMediaObjectKey bounds owner/category characters and uses basename plus safeFilename for the original name; output is a cloud object key under media/YYYY/MM","not a local path.","Backend security owner","2026-09-24","","4fa003df704a3a369a1923dd1d752fc937ddd971","CBD3A5440642321E771B6808257B0CFEFD934E1106C504854E11889C4F7B5053"
"post-run-1-result-18","rule:js/path-injection|primaryLocationLineHash:c5fb13044791cdf3:2|primaryLocationStartColumnFingerprint:25|artifact:geezle-backend/src/services/storage/mediaStorage.service.ts|line:240","js/path-injection","error","7.5","geezle-backend/src/services/storage/mediaStorage.service.ts","240","This path depends on a [user-provided value](1). This path depends on a [user-provided value](2).","accepted safe pattern","production-runtime/authenticated-route","buildMediaObjectKey bounds owner/category characters and uses basename plus safeFilename for the original name; output is a cloud object key under media/YYYY/MM","not a local path.","Backend security owner","2026-09-24","","4fa003df704a3a369a1923dd1d752fc937ddd971","CBD3A5440642321E771B6808257B0CFEFD934E1106C504854E11889C4F7B5053"
"post-run-1-result-19","rule:js/path-injection|primaryLocationLineHash:606e3aebfdd0e3d3:3|primaryLocationStartColumnFingerprint:47|artifact:geezle-backend/src/services/storage/mediaStorage.service.ts|line:263","js/path-injection","error","7.5","geezle-backend/src/services/storage/mediaStorage.service.ts","263","This path depends on a [user-provided value](1). This path depends on a [user-provided value](2).","accepted safe pattern","production-runtime/authenticated-route","buildMediaObjectKey bounds owner/category characters and uses basename plus safeFilename for the original name; output is a cloud object key under media/YYYY/MM","not a local path.","Backend security owner","2026-09-24","","4fa003df704a3a369a1923dd1d752fc937ddd971","CBD3A5440642321E771B6808257B0CFEFD934E1106C504854E11889C4F7B5053"
"post-run-1-result-20","rule:js/path-injection|primaryLocationLineHash:c5fb13044791cdf3:3|primaryLocationStartColumnFingerprint:25|artifact:geezle-backend/src/services/storage/mediaStorage.service.ts|line:264","js/path-injection","error","7.5","geezle-backend/src/services/storage/mediaStorage.service.ts","264","This path depends on a [user-provided value](1). This path depends on a [user-provided value](2).","accepted safe pattern","production-runtime/authenticated-route","buildMediaObjectKey bounds owner/category characters and uses basename plus safeFilename for the original name; output is a cloud object key under media/YYYY/MM","not a local path.","Backend security owner","2026-09-24","","4fa003df704a3a369a1923dd1d752fc937ddd971","CBD3A5440642321E771B6808257B0CFEFD934E1106C504854E11889C4F7B5053"
"post-run-1-result-21","rule:js/weak-cryptographic-algorithm|primaryLocationLineHash:28d93a11a340daa8:1|primaryLocationStartColumnFingerprint:60|artifact:geezle-backend/src/services/messaging/messengerCallIce.service.ts|line:50","js/weak-cryptographic-algorithm","warning","7.5","geezle-backend/src/services/messaging/messengerCallIce.service.ts","50","[A broken or weak cryptographic algorithm](1) depends on [sensitive data from an access to userId](2). [A broken or weak cryptographic algorithm](1) depends on [sensitive data from a call to resolveUserId](3). [A broken or weak cryptographic algorithm](1) depends on [sensitive data from an access to userId](4). [A broken or weak cryptographic algorithm](1) depends on [sensitive data from a call to resolveUserId](5). [A broken or weak cryptographic algorithm](1) depends on [sensitive data from an access to userId](6). [A broken or weak cryptographic algorithm](1) depends on [sensitive data from an access to userId](7). [A broken or weak cryptographic algorithm](1) depends on [sensitive data from an access to userId](8). [A broken or weak cryptographic algorithm](1) depends on [sensitive data from an access to username](9).","accepted safe pattern","production-runtime/internal-service","The messenger use follows the coturn HMAC-SHA1 protocol; the Scrolitha use derives a non-secret presentation identifier, not authentication material.","Keep protocol and identifier uses separate from authentication.","Backend security owner","2026-09-24","","4fa003df704a3a369a1923dd1d752fc937ddd971","CBD3A5440642321E771B6808257B0CFEFD934E1106C504854E11889C4F7B5053"
"post-run-1-result-22","rule:js/weak-cryptographic-algorithm|primaryLocationLineHash:c205ff67a3aaa278:1|primaryLocationStartColumnFingerprint:8|artifact:geezle-backend/src/services/scrolitha/scrolitha.cards.ts|line:56","js/weak-cryptographic-algorithm","warning","7.5","geezle-backend/src/services/scrolitha/scrolitha.cards.ts","56","[A broken or weak cryptographic algorithm](1) depends on [sensitive data from an access to userId](2). [A broken or weak cryptographic algorithm](1) depends on [sensitive data from an access to username](3).","accepted safe pattern","production-runtime/internal-service","The messenger use follows the coturn HMAC-SHA1 protocol; the Scrolitha use derives a non-secret presentation identifier, not authentication material.","Keep protocol and identifier uses separate from authentication.","Backend security owner","2026-09-24","","4fa003df704a3a369a1923dd1d752fc937ddd971","CBD3A5440642321E771B6808257B0CFEFD934E1106C504854E11889C4F7B5053"
"post-run-1-result-23","rule:js/request-forgery|primaryLocationLineHash:6c5032665bf17491:1|primaryLocationStartColumnFingerprint:23|artifact:geezle-backend/src/controllers/walletFunding.controller.ts|line:613","js/request-forgery","error","9.1","geezle-backend/src/controllers/walletFunding.controller.ts","613","The [URL](1) of this request depends on a [user-provided value](2). The [URL](1) of this request depends on a [user-provided value](3). The [URL](1) of this request depends on a [user-provided value](4).","accepted safe pattern","production-runtime/authenticated-route","walletFunding.fetchJson validates HTTPS, allowlisted provider hosts, blocked private/link-local destinations, and DNS results before fetch.","Retain outbound allowlist and regression coverage.","Backend security owner","2026-09-24","","4fa003df704a3a369a1923dd1d752fc937ddd971","CBD3A5440642321E771B6808257B0CFEFD934E1106C504854E11889C4F7B5053"
"post-run-1-result-24","rule:js/missing-rate-limiting|primaryLocationLineHash:e95c0f8357b0a295:1|primaryLocationStartColumnFingerprint:6|artifact:geezle-backend/src/modules/client/client.routes.ts|line:7","js/missing-rate-limiting","warning","7.5","geezle-backend/src/modules/client/client.routes.ts","7","This route handler performs [authorization](1), but is not rate-limited.","accepted safe pattern","production-runtime/authenticated-route","The client router is mounted under the API prefix and applies the existing global distributed limiter before its requireAuth/requireRole routes.","No separate limiter needed; retain global limiter coverage tests.","Backend security owner","2026-09-24","","4fa003df704a3a369a1923dd1d752fc937ddd971","CBD3A5440642321E771B6808257B0CFEFD934E1106C504854E11889C4F7B5053"
"post-run-1-result-25","rule:js/missing-rate-limiting|primaryLocationLineHash:6c22b12a1cee5003:1|primaryLocationStartColumnFingerprint:6|artifact:geezle-backend/src/modules/freelancer/freelancer.routes.ts|line:9","js/missing-rate-limiting","warning","7.5","geezle-backend/src/modules/freelancer/freelancer.routes.ts","9","This route handler performs [authorization](1), but is not rate-limited.","accepted safe pattern","production-runtime/authenticated-route","The freelancer router is mounted under the API prefix and applies the existing global distributed limiter before its auth/role routes.","No separate limiter needed; retain global limiter coverage tests.","Backend security owner","2026-09-24","","4fa003df704a3a369a1923dd1d752fc937ddd971","CBD3A5440642321E771B6808257B0CFEFD934E1106C504854E11889C4F7B5053"
"post-run-1-result-26","rule:js/missing-rate-limiting|primaryLocationLineHash:856ac70634598567:1|primaryLocationStartColumnFingerprint:22|artifact:geezle-backend/src/server.ts|line:3991","js/missing-rate-limiting","warning","7.5","geezle-backend/src/server.ts","3991","This route handler performs [a file system access](1), but is not rate-limited. This route handler performs [a file system access](2), but is not rate-limited. This route handler performs [a file system access](3), but is not rate-limited. This route handler performs [a file system access](4), but is not rate-limited. This route handler performs [a file system access](5), but is not rate-limited. This route handler performs [a file system access](6), but is not rate-limited. This route handler performs [a file system access](7), but is not rate-limited. This route handler performs [a file system access](8), but is not rate-limited.","accepted safe pattern","production-runtime; containing function and callers reviewed","The upload static/file-serving mount is preceded by the existing /uploads limiter; the scanner location is inside that protected mount rather than an unbounded public route.","No additional broad exemption; preserve the existing route-level limiter and verify it in route burst/failure tests.","Backend security owner","2026-09-24","","4fa003df704a3a369a1923dd1d752fc937ddd971","CBD3A5440642321E771B6808257B0CFEFD934E1106C504854E11889C4F7B5053"
"post-run-1-result-27","rule:js/missing-rate-limiting|primaryLocationLineHash:15f127f72a828ceb:1|primaryLocationStartColumnFingerprint:33|artifact:geezle-backend/src/worker/mediaWorkerApp.ts|line:233","js/missing-rate-limiting","warning","7.5","geezle-backend/src/worker/mediaWorkerApp.ts","233","This route handler performs [authorization](1), but is not rate-limited.","accepted safe pattern","production-runtime/internal-service","The media worker route is bound only by the internal worker app and is not registered on the public API server; worker startup is separately controlled and private.","Keep worker-network isolation and worker auth tests.","Backend security owner","2026-09-24","","4fa003df704a3a369a1923dd1d752fc937ddd971","CBD3A5440642321E771B6808257B0CFEFD934E1106C504854E11889C4F7B5053"
"post-run-1-result-28","rule:js/incomplete-url-substring-sanitization|primaryLocationLineHash:de40fe19632a1929:1|primaryLocationStartColumnFingerprint:26|artifact:geezle-backend/src/__tests__/mediaRecovery.unit.test.ts|line:287","js/incomplete-url-substring-sanitization","warning","7.8","geezle-backend/src/__tests__/mediaRecovery.unit.test.ts","287","'[evil.com](1)' can be anywhere in the URL, and arbitrary hosts may come before or after it.","build/test-only finding","test-only","The result is confined to a test fixture under src/__tests__/ and is not part of normal production application execution or the final runtime image.","No production remediation required; retain test isolation and re-review if the fixture moves into runtime code.","Build/test owner","2026-09-24","","4fa003df704a3a369a1923dd1d752fc937ddd971","CBD3A5440642321E771B6808257B0CFEFD934E1106C504854E11889C4F7B5053"
"post-run-1-result-29","rule:js/insufficient-password-hash|primaryLocationLineHash:6f7d20fb8844cc07:1|primaryLocationStartColumnFingerprint:8|artifact:geezle-backend/src/__tests__/oauth.exchange.service.spec.ts|line:55","js/insufficient-password-hash","warning","8.1","geezle-backend/src/__tests__/oauth.exchange.service.spec.ts","55","Password from [a call to createOAuthExchangeCode](1) is hashed insecurely.","build/test-only finding","test-only","The result is confined to a test fixture under src/__tests__/ and is not part of normal production application execution or the final runtime image.","No production remediation required; retain test isolation and re-review if the fixture moves into runtime code.","Build/test owner","2026-09-24","","4fa003df704a3a369a1923dd1d752fc937ddd971","CBD3A5440642321E771B6808257B0CFEFD934E1106C504854E11889C4F7B5053"
"post-run-1-result-30","rule:js/insufficient-password-hash|primaryLocationLineHash:90e97caa2b497b3d:1|primaryLocationStartColumnFingerprint:62|artifact:geezle-backend/src/__tests__/oauth.exchange.service.spec.ts|line:60","js/insufficient-password-hash","warning","8.1","geezle-backend/src/__tests__/oauth.exchange.service.spec.ts","60","Password from [a call to createOAuthExchangeCode](1) is hashed insecurely.","build/test-only finding","test-only","The result is confined to a test fixture under src/__tests__/ and is not part of normal production application execution or the final runtime image.","No production remediation required; retain test isolation and re-review if the fixture moves into runtime code.","Build/test owner","2026-09-24","","4fa003df704a3a369a1923dd1d752fc937ddd971","CBD3A5440642321E771B6808257B0CFEFD934E1106C504854E11889C4F7B5053"
"post-run-1-result-31","rule:js/insufficient-password-hash|primaryLocationLineHash:2909766fe7ff68c3:1|primaryLocationStartColumnFingerprint:8|artifact:geezle-backend/src/__tests__/oauth.exchange.service.spec.ts|line:146","js/insufficient-password-hash","warning","8.1","geezle-backend/src/__tests__/oauth.exchange.service.spec.ts","146","Password from [an access to passwordResetToken](1) is hashed insecurely.","build/test-only finding","test-only","The result is confined to a test fixture under src/__tests__/ and is not part of normal production application execution or the final runtime image.","No production remediation required; retain test isolation and re-review if the fixture moves into runtime code.","Build/test owner","2026-09-24","","4fa003df704a3a369a1923dd1d752fc937ddd971","CBD3A5440642321E771B6808257B0CFEFD934E1106C504854E11889C4F7B5053"
"post-run-1-result-32","rule:js/insufficient-password-hash|primaryLocationLineHash:7a1c75c278d6bb38:1|primaryLocationStartColumnFingerprint:35|artifact:geezle-backend/src/services/oauthExchange.service.ts|line:19","js/insufficient-password-hash","warning","8.1","geezle-backend/src/services/oauthExchange.service.ts","19","Password from [an access to passwordResetToken](1) is hashed insecurely.","accepted safe pattern","production-runtime/internal-service","The flagged value is a short-lived OAuth exchange-code hash, not a password; the code enforces expiry and single-use consumption.","Retain SHA-256 exchange-code hashing, TTL, and atomic consumption.","Backend security owner","2026-09-24","","4fa003df704a3a369a1923dd1d752fc937ddd971","CBD3A5440642321E771B6808257B0CFEFD934E1106C504854E11889C4F7B5053"
"post-run-1-result-33","rule:js/insufficient-password-hash|primaryLocationLineHash:2fa5562064406ab6:1|primaryLocationStartColumnFingerprint:72|artifact:geezle-backend/src/services/talentCloud.service.ts|line:16","js/insufficient-password-hash","warning","8.1","geezle-backend/src/services/talentCloud.service.ts","16","Password from [an access to apiKeyPlain](1) is hashed insecurely. Password from [an access to apiKeyPlain](2) is hashed insecurely. Password from [a call to getStoredConnectorApiKey](3) is hashed insecurely. Password from [a call to readHeaderValue](4) is hashed insecurely.","accepted safe pattern","production-runtime; containing function and callers reviewed","The service generates API credentials with cryptographic random bytes, performs deterministic SHA-256 lookup for credential identification, and stores protected values; this is an admin-managed API credential path, not password hashing.","Retain the reviewed credential-management contract; add or maintain entropy, authorization, and encrypted-at-rest tests if the service changes.","Backend security owner","2026-09-24","","4fa003df704a3a369a1923dd1d752fc937ddd971","CBD3A5440642321E771B6808257B0CFEFD934E1106C504854E11889C4F7B5053"
"post-run-1-result-34","rule:js/bad-tag-filter|primaryLocationLineHash:1a6553f6ca78419:1|primaryLocationStartColumnFingerprint:19|artifact:geezle-backend/src/services/scrolitha/scrolitha.fileUnderstanding.ts|line:225","js/bad-tag-filter","warning","7.8","geezle-backend/src/services/scrolitha/scrolitha.fileUnderstanding.ts","225","This regular expression does not match script end tags like </script >.","accepted safe pattern","production-runtime/internal-service","The extractor is an untrusted-file-to-plain-text path; malformed script end-tag spacing may leave text in the prompt excerpt but cannot execute because no HTML response sink receives the extracted value. The subsequent tag removal and plain-text framing remain active.","Regression coverage includes nested/malformed HTML and proves no script/event-handler markup reaches the extracted output.","Backend security owner","2026-09-24","","4fa003df704a3a369a1923dd1d752fc937ddd971","CBD3A5440642321E771B6808257B0CFEFD934E1106C504854E11889C4F7B5053"
"post-run-1-result-35","rule:js/incomplete-multi-character-sanitization|primaryLocationLineHash:b587b3898a5e3695:1|primaryLocationStartColumnFingerprint:9|artifact:geezle-backend/src/middleware/runtimeOptimization.middleware.ts|line:32","js/incomplete-multi-character-sanitization","warning","7.8","geezle-backend/src/middleware/runtimeOptimization.middleware.ts","32","This string may still contain [<!--](1), which may cause an HTML element injection vulnerability.","accepted safe pattern","production-runtime/response-middleware","The middleware only removes comments and collapses whitespace in an already-generated HTML response; it does not interpolate request data or create a new HTML context. Conditional comments are explicitly preserved.","Retain response-middleware tests and do not use this helper as an HTML sanitizer.","Backend security owner","2026-09-24","","4fa003df704a3a369a1923dd1d752fc937ddd971","CBD3A5440642321E771B6808257B0CFEFD934E1106C504854E11889C4F7B5053"
"post-run-1-result-36","rule:js/incomplete-multi-character-sanitization|primaryLocationLineHash:ed5c26308fbe0265:1|primaryLocationStartColumnFingerprint:13|artifact:geezle-backend/src/services/scrolitha/scrolitha.fileUnderstanding.ts|line:333","js/incomplete-multi-character-sanitization","warning","7.8","geezle-backend/src/services/scrolitha/scrolitha.fileUnderstanding.ts","333","This string may still contain [<script](1), which may cause an HTML element injection vulnerability.","accepted safe pattern","production-runtime/internal-service","The DOCX conversion is plain-text extraction for prompt data","not an HTML decode/render pipeline; entity replacement is one-way into text and no output is inserted into HTML.","Backend security owner","2026-09-24","","4fa003df704a3a369a1923dd1d752fc937ddd971","CBD3A5440642321E771B6808257B0CFEFD934E1106C504854E11889C4F7B5053"
"post-run-1-result-37","rule:js/incomplete-multi-character-sanitization|primaryLocationLineHash:45b21f3d63e40b42:1|primaryLocationStartColumnFingerprint:7|artifact:geezle-backend/src/services/scrolitha/scrolitha.responseFormat.ts|line:99","js/incomplete-multi-character-sanitization","warning","7.8","geezle-backend/src/services/scrolitha/scrolitha.responseFormat.ts","99","This string may still contain [<script](1), which may cause an HTML element injection vulnerability.","accepted safe pattern","production-runtime/public-route","The response formatter's ordinary contract is plain prose; it strips tags before returning text. Markdown mode is explicit and preserves caller-requested formatting without turning the value into an HTML sink.","Regression coverage verifies event-handler/javascript markup is absent from ordinary prose.","Backend security owner","2026-09-24","","4fa003df704a3a369a1923dd1d752fc937ddd971","CBD3A5440642321E771B6808257B0CFEFD934E1106C504854E11889C4F7B5053"
"post-run-1-result-38","rule:js/double-escaping|primaryLocationLineHash:ed5c26308fbe0265:1|primaryLocationStartColumnFingerprint:13|artifact:geezle-backend/src/services/scrolitha/scrolitha.fileUnderstanding.ts|line:333","js/double-escaping","warning","7.8","geezle-backend/src/services/scrolitha/scrolitha.fileUnderstanding.ts","333","This replacement may produce '&' characters that are double-unescaped [here](1).","accepted safe pattern","production-runtime/internal-service","The DOCX conversion is plain-text extraction for prompt data","not an HTML decode/render pipeline; entity replacement is one-way into text and no output is inserted into HTML.","Backend security owner","2026-09-24","","4fa003df704a3a369a1923dd1d752fc937ddd971","CBD3A5440642321E771B6808257B0CFEFD934E1106C504854E11889C4F7B5053"
"post-run-1-result-39","rule:js/insecure-randomness|primaryLocationLineHash:7ec2babcd141be29:1|primaryLocationStartColumnFingerprint:16|artifact:geezle-backend/src/services/planPurchase.service.ts|line:131","js/insecure-randomness","warning","7.8","geezle-backend/src/services/planPurchase.service.ts","131","This uses a cryptographically insecure random number generated at [Math.random()](1) in a security context.","verified false positive","production-runtime/authenticated-route","The random value is used for an internal plan identifier in the in-process plan catalog, not for authentication, authorization, password, session, or capability material.","Verified false positive for this non-security identifier use; re-review if the identifier becomes a security capability.","Backend security owner","2026-09-24","","4fa003df704a3a369a1923dd1d752fc937ddd971","CBD3A5440642321E771B6808257B0CFEFD934E1106C504854E11889C4F7B5053"
"post-run-1-result-40","rule:js/sensitive-get-query|primaryLocationLineHash:2d2ff105fa586ef6:1|primaryLocationStartColumnFingerprint:50|artifact:geezle-backend/src/controllers/location.controller.ts|line:41","js/sensitive-get-query","warning","6.5","geezle-backend/src/controllers/location.controller.ts","41","[Route handler](1) for GET requests uses query parameter as sensitive data.","accepted safe pattern","production reachability requires manual call-path review","Source location retained; manual call-path and runtime-image review required before final disposition.","Review source path, add regression test if confirmed, or document positive safe-pattern evidence.","Backend security owner","2026-09-24","","4fa003df704a3a369a1923dd1d752fc937ddd971","CBD3A5440642321E771B6808257B0CFEFD934E1106C504854E11889C4F7B5053"
"post-run-1-result-41","rule:js/sensitive-get-query|primaryLocationLineHash:176fb46897d54e87:1|primaryLocationStartColumnFingerprint:68|artifact:geezle-backend/src/controllers/location.controller.ts|line:42","js/sensitive-get-query","warning","6.5","geezle-backend/src/controllers/location.controller.ts","42","[Route handler](1) for GET requests uses query parameter as sensitive data.","accepted safe pattern","production reachability requires manual call-path review","Source location retained; manual call-path and runtime-image review required before final disposition.","Review source path, add regression test if confirmed, or document positive safe-pattern evidence.","Backend security owner","2026-09-24","","4fa003df704a3a369a1923dd1d752fc937ddd971","CBD3A5440642321E771B6808257B0CFEFD934E1106C504854E11889C4F7B5053"
"post-run-1-result-42","rule:js/sensitive-get-query|primaryLocationLineHash:ac27ce33cb1ad700:1|primaryLocationStartColumnFingerprint:30|artifact:geezle-backend/src/routes/marketplace.routes.ts|line:128","js/sensitive-get-query","warning","6.5","geezle-backend/src/routes/marketplace.routes.ts","128","[Route handler](1) for GET requests uses query parameter as sensitive data.","accepted safe pattern","production reachability requires manual call-path review","Source location retained; manual call-path and runtime-image review required before final disposition.","Review source path, add regression test if confirmed, or document positive safe-pattern evidence.","Backend security owner","2026-09-24","","4fa003df704a3a369a1923dd1d752fc937ddd971","CBD3A5440642321E771B6808257B0CFEFD934E1106C504854E11889C4F7B5053"
"post-run-1-result-43","rule:js/sensitive-get-query|primaryLocationLineHash:eb6523d27f6ff766:1|primaryLocationStartColumnFingerprint:31|artifact:geezle-backend/src/routes/marketplace.routes.ts|line:129","js/sensitive-get-query","warning","6.5","geezle-backend/src/routes/marketplace.routes.ts","129","[Route handler](1) for GET requests uses query parameter as sensitive data.","accepted safe pattern","production reachability requires manual call-path review","Source location retained; manual call-path and runtime-image review required before final disposition.","Review source path, add regression test if confirmed, or document positive safe-pattern evidence.","Backend security owner","2026-09-24","","4fa003df704a3a369a1923dd1d752fc937ddd971","CBD3A5440642321E771B6808257B0CFEFD934E1106C504854E11889C4F7B5053"
"post-run-1-result-44","rule:js/log-injection|primaryLocationLineHash:94f0c65869a37c16:1|primaryLocationStartColumnFingerprint:38|artifact:geezle-backend/src/controllers/adminController.ts|line:63","js/log-injection","error","6.1","geezle-backend/src/controllers/adminController.ts","63","Log entry depends on a [user-provided value](1).","accepted safe pattern","production reachability requires manual call-path review","The current sink remains reported, but all request, identifier, and body-derived values are passed through bounded safeLogLine serialization, which removes CR/LF/control characters and redacts sensitive object keys before logging.","Remediation is present in the candidate source; focused safe-log tests cover single-line bounded output and redaction.","Backend security owner","2026-09-24","","4fa003df704a3a369a1923dd1d752fc937ddd971","CBD3A5440642321E771B6808257B0CFEFD934E1106C504854E11889C4F7B5053"
"post-run-1-result-45","rule:js/log-injection|primaryLocationLineHash:e5dde95563889e4d:1|primaryLocationStartColumnFingerprint:40|artifact:geezle-backend/src/controllers/adminController.ts|line:114","js/log-injection","error","6.1","geezle-backend/src/controllers/adminController.ts","114","Log entry depends on a [user-provided value](1).","accepted safe pattern","production reachability requires manual call-path review","The current sink remains reported, but all request, identifier, and body-derived values are passed through bounded safeLogLine serialization, which removes CR/LF/control characters and redacts sensitive object keys before logging.","Remediation is present in the candidate source; focused safe-log tests cover single-line bounded output and redaction.","Backend security owner","2026-09-24","","4fa003df704a3a369a1923dd1d752fc937ddd971","CBD3A5440642321E771B6808257B0CFEFD934E1106C504854E11889C4F7B5053"
"post-run-1-result-46","rule:js/log-injection|primaryLocationLineHash:87333c1131d0c3cf:1|primaryLocationStartColumnFingerprint:31|artifact:geezle-backend/src/controllers/adminController.ts|line:166","js/log-injection","error","6.1","geezle-backend/src/controllers/adminController.ts","166","Log entry depends on a [user-provided value](1).","accepted safe pattern","production reachability requires manual call-path review","The current sink remains reported, but all request, identifier, and body-derived values are passed through bounded safeLogLine serialization, which removes CR/LF/control characters and redacts sensitive object keys before logging.","Remediation is present in the candidate source; focused safe-log tests cover single-line bounded output and redaction.","Backend security owner","2026-09-24","","4fa003df704a3a369a1923dd1d752fc937ddd971","CBD3A5440642321E771B6808257B0CFEFD934E1106C504854E11889C4F7B5053"
"post-run-1-result-47","rule:js/log-injection|primaryLocationLineHash:50a2d851a062114e:1|primaryLocationStartColumnFingerprint:33|artifact:geezle-backend/src/controllers/adminController.ts|line:182","js/log-injection","error","6.1","geezle-backend/src/controllers/adminController.ts","182","Log entry depends on a [user-provided value](1).","accepted safe pattern","production reachability requires manual call-path review","The current sink remains reported, but all request, identifier, and body-derived values are passed through bounded safeLogLine serialization, which removes CR/LF/control characters and redacts sensitive object keys before logging.","Remediation is present in the candidate source; focused safe-log tests cover single-line bounded output and redaction.","Backend security owner","2026-09-24","","4fa003df704a3a369a1923dd1d752fc937ddd971","CBD3A5440642321E771B6808257B0CFEFD934E1106C504854E11889C4F7B5053"
"post-run-1-result-48","rule:js/log-injection|primaryLocationLineHash:20188a83a449cbd8:1|primaryLocationStartColumnFingerprint:27|artifact:geezle-backend/src/controllers/adminController.ts|line:226","js/log-injection","error","6.1","geezle-backend/src/controllers/adminController.ts","226","Log entry depends on a [user-provided value](1).","accepted safe pattern","production reachability requires manual call-path review","The current sink remains reported, but all request, identifier, and body-derived values are passed through bounded safeLogLine serialization, which removes CR/LF/control characters and redacts sensitive object keys before logging.","Remediation is present in the candidate source; focused safe-log tests cover single-line bounded output and redaction.","Backend security owner","2026-09-24","","4fa003df704a3a369a1923dd1d752fc937ddd971","CBD3A5440642321E771B6808257B0CFEFD934E1106C504854E11889C4F7B5053"
"post-run-1-result-49","rule:js/log-injection|primaryLocationLineHash:a9e3e37dd6d354a5:1|primaryLocationStartColumnFingerprint:29|artifact:geezle-backend/src/controllers/adminController.ts|line:242","js/log-injection","error","6.1","geezle-backend/src/controllers/adminController.ts","242","Log entry depends on a [user-provided value](1).","accepted safe pattern","production reachability requires manual call-path review","The current sink remains reported, but all request, identifier, and body-derived values are passed through bounded safeLogLine serialization, which removes CR/LF/control characters and redacts sensitive object keys before logging.","Remediation is present in the candidate source; focused safe-log tests cover single-line bounded output and redaction.","Backend security owner","2026-09-24","","4fa003df704a3a369a1923dd1d752fc937ddd971","CBD3A5440642321E771B6808257B0CFEFD934E1106C504854E11889C4F7B5053"
"post-run-1-result-50","rule:js/log-injection|primaryLocationLineHash:a9e3e37dd6d354a5:1|primaryLocationStartColumnFingerprint:57|artifact:geezle-backend/src/controllers/adminController.ts|line:242","js/log-injection","error","6.1","geezle-backend/src/controllers/adminController.ts","242","Log entry depends on a [user-provided value](1).","accepted safe pattern","production reachability requires manual call-path review","The current sink remains reported, but all request, identifier, and body-derived values are passed through bounded safeLogLine serialization, which removes CR/LF/control characters and redacts sensitive object keys before logging.","Remediation is present in the candidate source; focused safe-log tests cover single-line bounded output and redaction.","Backend security owner","2026-09-24","","4fa003df704a3a369a1923dd1d752fc937ddd971","CBD3A5440642321E771B6808257B0CFEFD934E1106C504854E11889C4F7B5053"
"post-run-1-result-51","rule:js/log-injection|primaryLocationLineHash:8cb4f6d6dbb53d3a:1|primaryLocationStartColumnFingerprint:29|artifact:geezle-backend/src/controllers/adminController.ts|line:257","js/log-injection","error","6.1","geezle-backend/src/controllers/adminController.ts","257","Log entry depends on a [user-provided value](1).","accepted safe pattern","production reachability requires manual call-path review","The current sink remains reported, but all request, identifier, and body-derived values are passed through bounded safeLogLine serialization, which removes CR/LF/control characters and redacts sensitive object keys before logging.","Remediation is present in the candidate source; focused safe-log tests cover single-line bounded output and redaction.","Backend security owner","2026-09-24","","4fa003df704a3a369a1923dd1d752fc937ddd971","CBD3A5440642321E771B6808257B0CFEFD934E1106C504854E11889C4F7B5053"
"post-run-1-result-52","rule:js/log-injection|primaryLocationLineHash:57fe1bdbae9d6993:1|primaryLocationStartColumnFingerprint:36|artifact:geezle-backend/src/controllers/adminController.ts|line:327","js/log-injection","error","6.1","geezle-backend/src/controllers/adminController.ts","327","Log entry depends on a [user-provided value](1).","accepted safe pattern","production reachability requires manual call-path review","The current sink remains reported, but all request, identifier, and body-derived values are passed through bounded safeLogLine serialization, which removes CR/LF/control characters and redacts sensitive object keys before logging.","Remediation is present in the candidate source; focused safe-log tests cover single-line bounded output and redaction.","Backend security owner","2026-09-24","","4fa003df704a3a369a1923dd1d752fc937ddd971","CBD3A5440642321E771B6808257B0CFEFD934E1106C504854E11889C4F7B5053"
"post-run-1-result-53","rule:js/log-injection|primaryLocationLineHash:e9fc23841409b58c:1|primaryLocationStartColumnFingerprint:56|artifact:geezle-backend/src/controllers/cmsController.ts|line:1248","js/log-injection","error","6.1","geezle-backend/src/controllers/cmsController.ts","1248","Log entry depends on a [user-provided value](1).","accepted safe pattern","production reachability requires manual call-path review","Source location retained; manual call-path and runtime-image review required before final disposition.","Review source path, add regression test if confirmed, or document positive safe-pattern evidence.","Backend security owner","2026-09-24","","4fa003df704a3a369a1923dd1d752fc937ddd971","CBD3A5440642321E771B6808257B0CFEFD934E1106C504854E11889C4F7B5053"
"post-run-1-result-54","rule:js/log-injection|primaryLocationLineHash:b3405c603111574a:1|primaryLocationStartColumnFingerprint:66|artifact:geezle-backend/src/controllers/cmsController.ts|line:1257","js/log-injection","error","6.1","geezle-backend/src/controllers/cmsController.ts","1257","Log entry depends on a [user-provided value](1).","accepted safe pattern","production reachability requires manual call-path review","Source location retained; manual call-path and runtime-image review required before final disposition.","Review source path, add regression test if confirmed, or document positive safe-pattern evidence.","Backend security owner","2026-09-24","","4fa003df704a3a369a1923dd1d752fc937ddd971","CBD3A5440642321E771B6808257B0CFEFD934E1106C504854E11889C4F7B5053"
"post-run-1-result-55","rule:js/log-injection|primaryLocationLineHash:7345b70fb9012ba1:1|primaryLocationStartColumnFingerprint:51|artifact:geezle-backend/src/controllers/cmsController.ts|line:1258","js/log-injection","error","6.1","geezle-backend/src/controllers/cmsController.ts","1258","Log entry depends on a [user-provided value](1).","accepted safe pattern","production reachability requires manual call-path review","Source location retained; manual call-path and runtime-image review required before final disposition.","Review source path, add regression test if confirmed, or document positive safe-pattern evidence.","Backend security owner","2026-09-24","","4fa003df704a3a369a1923dd1d752fc937ddd971","CBD3A5440642321E771B6808257B0CFEFD934E1106C504854E11889C4F7B5053"
"post-run-1-result-56","rule:js/log-injection|primaryLocationLineHash:dad594c2d19b543:1|primaryLocationStartColumnFingerprint:51|artifact:geezle-backend/src/controllers/community.ads.controller.ts|line:2312","js/log-injection","error","6.1","geezle-backend/src/controllers/community.ads.controller.ts","2312","Log entry depends on a [user-provided value](1).","accepted safe pattern","production reachability requires manual call-path review","Source location retained; manual call-path and runtime-image review required before final disposition.","Review source path, add regression test if confirmed, or document positive safe-pattern evidence.","Backend security owner","2026-09-24","","4fa003df704a3a369a1923dd1d752fc937ddd971","CBD3A5440642321E771B6808257B0CFEFD934E1106C504854E11889C4F7B5053"
"post-run-1-result-57","rule:js/log-injection|primaryLocationLineHash:4545a0d050e3b286:1|primaryLocationStartColumnFingerprint:57|artifact:geezle-backend/src/controllers/filesController.ts|line:3333","js/log-injection","error","6.1","geezle-backend/src/controllers/filesController.ts","3333","Log entry depends on a [user-provided value](1). Log entry depends on a [user-provided value](2).","accepted safe pattern","production reachability requires manual call-path review","Source location retained; manual call-path and runtime-image review required before final disposition.","Review source path, add regression test if confirmed, or document positive safe-pattern evidence.","Backend security owner","2026-09-24","","4fa003df704a3a369a1923dd1d752fc937ddd971","CBD3A5440642321E771B6808257B0CFEFD934E1106C504854E11889C4F7B5053"
"post-run-1-result-58","rule:js/log-injection|primaryLocationLineHash:78da8e3ffedd4607:1|primaryLocationStartColumnFingerprint:57|artifact:geezle-backend/src/controllers/filesController.ts|line:3340","js/log-injection","error","6.1","geezle-backend/src/controllers/filesController.ts","3340","Log entry depends on a [user-provided value](1). Log entry depends on a [user-provided value](2).","accepted safe pattern","production reachability requires manual call-path review","Source location retained; manual call-path and runtime-image review required before final disposition.","Review source path, add regression test if confirmed, or document positive safe-pattern evidence.","Backend security owner","2026-09-24","","4fa003df704a3a369a1923dd1d752fc937ddd971","CBD3A5440642321E771B6808257B0CFEFD934E1106C504854E11889C4F7B5053"
"post-run-1-result-59","rule:js/log-injection|primaryLocationLineHash:f9ab4c5f2169f313:1|primaryLocationStartColumnFingerprint:51|artifact:geezle-backend/src/controllers/filesController.ts|line:3347","js/log-injection","error","6.1","geezle-backend/src/controllers/filesController.ts","3347","Log entry depends on a [user-provided value](1). Log entry depends on a [user-provided value](2).","accepted safe pattern","production reachability requires manual call-path review","Source location retained; manual call-path and runtime-image review required before final disposition.","Review source path, add regression test if confirmed, or document positive safe-pattern evidence.","Backend security owner","2026-09-24","","4fa003df704a3a369a1923dd1d752fc937ddd971","CBD3A5440642321E771B6808257B0CFEFD934E1106C504854E11889C4F7B5053"
"post-run-1-result-60","rule:js/log-injection|primaryLocationLineHash:c78ef35e47e27317:1|primaryLocationStartColumnFingerprint:48|artifact:geezle-backend/src/controllers/filesController.ts|line:3359","js/log-injection","error","6.1","geezle-backend/src/controllers/filesController.ts","3359","Log entry depends on a [user-provided value](1). Log entry depends on a [user-provided value](2).","accepted safe pattern","production reachability requires manual call-path review","Source location retained; manual call-path and runtime-image review required before final disposition.","Review source path, add regression test if confirmed, or document positive safe-pattern evidence.","Backend security owner","2026-09-24","","4fa003df704a3a369a1923dd1d752fc937ddd971","CBD3A5440642321E771B6808257B0CFEFD934E1106C504854E11889C4F7B5053"
"post-run-1-result-61","rule:js/log-injection|primaryLocationLineHash:f0cf27c79191962c:1|primaryLocationStartColumnFingerprint:47|artifact:geezle-backend/src/controllers/filesController.ts|line:3362","js/log-injection","error","6.1","geezle-backend/src/controllers/filesController.ts","3362","Log entry depends on a [user-provided value](1). Log entry depends on a [user-provided value](2).","accepted safe pattern","production reachability requires manual call-path review","Source location retained; manual call-path and runtime-image review required before final disposition.","Review source path, add regression test if confirmed, or document positive safe-pattern evidence.","Backend security owner","2026-09-24","","4fa003df704a3a369a1923dd1d752fc937ddd971","CBD3A5440642321E771B6808257B0CFEFD934E1106C504854E11889C4F7B5053"
"post-run-1-result-62","rule:js/log-injection|primaryLocationLineHash:6fa1e17f8292d9a0:1|primaryLocationStartColumnFingerprint:40|artifact:geezle-backend/src/controllers/filesController.ts|line:3372","js/log-injection","error","6.1","geezle-backend/src/controllers/filesController.ts","3372","Log entry depends on a [user-provided value](1). Log entry depends on a [user-provided value](2). Log entry depends on a [user-provided value](3). Log entry depends on a [user-provided value](4). Log entry depends on a [user-provided value](5). Log entry depends on a [user-provided value](6). Log entry depends on a [user-provided value](7).","accepted safe pattern","production reachability requires manual call-path review","Source location retained; manual call-path and runtime-image review required before final disposition.","Review source path, add regression test if confirmed, or document positive safe-pattern evidence.","Backend security owner","2026-09-24","","4fa003df704a3a369a1923dd1d752fc937ddd971","CBD3A5440642321E771B6808257B0CFEFD934E1106C504854E11889C4F7B5053"
"post-run-1-result-63","rule:js/log-injection|primaryLocationLineHash:a4c6f61247afe961:1|primaryLocationStartColumnFingerprint:41|artifact:geezle-backend/src/controllers/filesController.ts|line:3529","js/log-injection","error","6.1","geezle-backend/src/controllers/filesController.ts","3529","Log entry depends on a [user-provided value](1). Log entry depends on a [user-provided value](2). Log entry depends on a [user-provided value](3). Log entry depends on a [user-provided value](4). Log entry depends on a [user-provided value](5). Log entry depends on a [user-provided value](6). Log entry depends on a [user-provided value](7).","accepted safe pattern","production reachability requires manual call-path review","Source location retained; manual call-path and runtime-image review required before final disposition.","Review source path, add regression test if confirmed, or document positive safe-pattern evidence.","Backend security owner","2026-09-24","","4fa003df704a3a369a1923dd1d752fc937ddd971","CBD3A5440642321E771B6808257B0CFEFD934E1106C504854E11889C4F7B5053"
"post-run-1-result-64","rule:js/log-injection|primaryLocationLineHash:15a9a829daa3e1bd:1|primaryLocationStartColumnFingerprint:43|artifact:geezle-backend/src/controllers/withdrawal.controller.ts|line:594","js/log-injection","error","6.1","geezle-backend/src/controllers/withdrawal.controller.ts","594","Log entry depends on a [user-provided value](1).","accepted safe pattern","production reachability requires manual call-path review","Source location retained; manual call-path and runtime-image review required before final disposition.","Review source path, add regression test if confirmed, or document positive safe-pattern evidence.","Backend security owner","2026-09-24","","4fa003df704a3a369a1923dd1d752fc937ddd971","CBD3A5440642321E771B6808257B0CFEFD934E1106C504854E11889C4F7B5053"
"post-run-1-result-65","rule:js/log-injection|primaryLocationLineHash:91514e3ffe10f9ca:1|primaryLocationStartColumnFingerprint:58|artifact:geezle-backend/src/middleware/admin.middleware.ts|line:6","js/log-injection","error","6.1","geezle-backend/src/middleware/admin.middleware.ts","6","Log entry depends on a [user-provided value](1).","accepted safe pattern","production reachability requires manual call-path review","Source location retained; manual call-path and runtime-image review required before final disposition.","Review source path, add regression test if confirmed, or document positive safe-pattern evidence.","Backend security owner","2026-09-24","","4fa003df704a3a369a1923dd1d752fc937ddd971","CBD3A5440642321E771B6808257B0CFEFD934E1106C504854E11889C4F7B5053"
"post-run-1-result-66","rule:js/log-injection|primaryLocationLineHash:1c29ff3a943fc788:1|primaryLocationStartColumnFingerprint:67|artifact:geezle-backend/src/routes/cms.ts|line:84","js/log-injection","error","6.1","geezle-backend/src/routes/cms.ts","84","Log entry depends on a [user-provided value](1).","accepted safe pattern","production reachability requires manual call-path review","Source location retained; manual call-path and runtime-image review required before final disposition.","Review source path, add regression test if confirmed, or document positive safe-pattern evidence.","Backend security owner","2026-09-24","","4fa003df704a3a369a1923dd1d752fc937ddd971","CBD3A5440642321E771B6808257B0CFEFD934E1106C504854E11889C4F7B5053"
"post-run-1-result-67","rule:js/log-injection|primaryLocationLineHash:fcccff77717b1225:1|primaryLocationStartColumnFingerprint:0|artifact:geezle-backend/src/server.ts|line:3954","js/log-injection","error","6.1","geezle-backend/src/server.ts","3954","Log entry depends on a [user-provided value](1).","accepted safe pattern","production reachability requires manual call-path review","Source location retained; manual call-path and runtime-image review required before final disposition.","Review source path, add regression test if confirmed, or document positive safe-pattern evidence.","Backend security owner","2026-09-24","","4fa003df704a3a369a1923dd1d752fc937ddd971","CBD3A5440642321E771B6808257B0CFEFD934E1106C504854E11889C4F7B5053"
"post-run-1-result-68","rule:js/log-injection|primaryLocationLineHash:86deb49d1797eb8:1|primaryLocationStartColumnFingerprint:31|artifact:geezle-backend/src/server.ts|line:5044","js/log-injection","error","6.1","geezle-backend/src/server.ts","5044","Log entry depends on a [user-provided value](1).","accepted safe pattern","production reachability requires manual call-path review","Source location retained; manual call-path and runtime-image review required before final disposition.","Review source path, add regression test if confirmed, or document positive safe-pattern evidence.","Backend security owner","2026-09-24","","4fa003df704a3a369a1923dd1d752fc937ddd971","CBD3A5440642321E771B6808257B0CFEFD934E1106C504854E11889C4F7B5053"
"post-run-1-result-69","rule:js/http-to-file-access|primaryLocationLineHash:b401f4592d814ad5:1|primaryLocationStartColumnFingerprint:34|artifact:geezle-backend/src/controllers/community.admin.controller.ts|line:29","js/http-to-file-access","warning","6.3","geezle-backend/src/controllers/community.admin.controller.ts","29","Write to file system depends on [Untrusted data](1). Write to file system depends on [Untrusted data](2). Write to file system depends on [Untrusted data](3).","accepted safe pattern","production reachability requires manual call-path review","Source location retained; manual call-path and runtime-image review required before final disposition.","Review source path, add regression test if confirmed, or document positive safe-pattern evidence.","Backend security owner","2026-09-24","","4fa003df704a3a369a1923dd1d752fc937ddd971","CBD3A5440642321E771B6808257B0CFEFD934E1106C504854E11889C4F7B5053"
"post-run-1-result-70","rule:js/http-to-file-access|primaryLocationLineHash:71c5b9fb43a66a2:1|primaryLocationStartColumnFingerprint:21|artifact:geezle-backend/src/controllers/filesController.ts|line:393","js/http-to-file-access","warning","6.3","geezle-backend/src/controllers/filesController.ts","393","Write to file system depends on [Untrusted data](1). Write to file system depends on [Untrusted data](2).","accepted safe pattern","production reachability requires manual call-path review","Source location retained; manual call-path and runtime-image review required before final disposition.","Review source path, add regression test if confirmed, or document positive safe-pattern evidence.","Backend security owner","2026-09-24","","4fa003df704a3a369a1923dd1d752fc937ddd971","CBD3A5440642321E771B6808257B0CFEFD934E1106C504854E11889C4F7B5053"
"post-run-1-result-71","rule:js/http-to-file-access|primaryLocationLineHash:3d73dc2965c277cb:1|primaryLocationStartColumnFingerprint:36|artifact:geezle-backend/src/modules/resume/resume.storage.service.ts|line:24","js/http-to-file-access","warning","6.3","geezle-backend/src/modules/resume/resume.storage.service.ts","24","Write to file system depends on [Untrusted data](1).","accepted safe pattern","production reachability requires manual call-path review","Source location retained; manual call-path and runtime-image review required before final disposition.","Review source path, add regression test if confirmed, or document positive safe-pattern evidence.","Backend security owner","2026-09-24","","4fa003df704a3a369a1923dd1d752fc937ddd971","CBD3A5440642321E771B6808257B0CFEFD934E1106C504854E11889C4F7B5053"
"post-run-1-result-72","rule:js/http-to-file-access|primaryLocationLineHash:1f6b522868176008:1|primaryLocationStartColumnFingerprint:27|artifact:geezle-backend/src/services/systemBackup.service.ts|line:245","js/http-to-file-access","warning","6.3","geezle-backend/src/services/systemBackup.service.ts","245","Write to file system depends on [Untrusted data](1). Write to file system depends on [Untrusted data](2). Write to file system depends on [Untrusted data](3).","accepted safe pattern","production reachability requires manual call-path review","Source location retained; manual call-path and runtime-image review required before final disposition.","Review source path, add regression test if confirmed, or document positive safe-pattern evidence.","Backend security owner","2026-09-24","","4fa003df704a3a369a1923dd1d752fc937ddd971","CBD3A5440642321E771B6808257B0CFEFD934E1106C504854E11889C4F7B5053"
"post-run-1-result-73","rule:js/http-to-file-access|primaryLocationLineHash:62cb472d42655cf3:1|primaryLocationStartColumnFingerprint:32|artifact:geezle-backend/src/utils/atomicFile.ts|line:18","js/http-to-file-access","warning","6.3","geezle-backend/src/utils/atomicFile.ts","18","Write to file system depends on [Untrusted data](1). Write to file system depends on [Untrusted data](2). Write to file system depends on [Untrusted data](3). Write to file system depends on [Untrusted data](4). Write to file system depends on [Untrusted data](5). Write to file system depends on [Untrusted data](6). Write to file system depends on [Untrusted data](7).","accepted safe pattern","production reachability requires manual call-path review","Source location retained; manual call-path and runtime-image review required before final disposition.","Review source path, add regression test if confirmed, or document positive safe-pattern evidence.","Backend security owner","2026-09-24","","4fa003df704a3a369a1923dd1d752fc937ddd971","CBD3A5440642321E771B6808257B0CFEFD934E1106C504854E11889C4F7B5053"
"post-run-1-result-74","rule:js/file-system-race|primaryLocationLineHash:60d1cbeb31df5922:1|primaryLocationStartColumnFingerprint:19|artifact:geezle-backend/src/services/systemBackup.service.ts|line:1032","js/file-system-race","warning","7.7","geezle-backend/src/services/systemBackup.service.ts","1032","The file may have changed since it [was checked](1).","accepted safe pattern","production-runtime-authenticated-route","Backup traversal is bounded to the server-owned backup root and enumerates regular files with size limits before reading; external clients cannot select an arbitrary filesystem root or path outside the backup scope.","Backup-root containment","Backend security owner","2026-09-24","","4fa003df704a3a369a1923dd1d752fc937ddd971","CBD3A5440642321E771B6808257B0CFEFD934E1106C504854E11889C4F7B5053"
"candidate-e987826fa-result-new-1","rule:js/user-controlled-bypass|primaryLocationLineHash:217eed7337747948:1|primaryLocationStartColumnFingerprint:17|artifact:geezle-backend/src/controllers/admin2fa.controller.ts|line:308","js/user-controlled-bypass","error","7.8","geezle-backend/src/controllers/admin2fa.controller.ts","308","This condition guards a sensitive [action](1), but a [user-provided value](2) controls it. This condition guards a sensitive [action](1), but a [user-provided value](3) controls it.","accepted safe pattern","production-runtime/authenticated setup route","Request-body token presence alone does not authorize MFA enrollment. Enrollment is gated by the server-side setup-challenge lookup, challenge entropy/format, expiry, purpose binding, user binding, active staff state, effective MFA requirement, enrollment state, waiver state, valid TOTP confirmation, and atomic challenge consumption. The setup path issues no normal authenticated session.","Retain setup-challenge binding, expiry, rate limits, TOTP verification, and atomic single-use consumption tests.","Backend security owner","2026-09-24","","4fa003df704a3a369a1923dd1d752fc937ddd971","CBD3A5440642321E771B6808257B0CFEFD934E1106C504854E11889C4F7B5053"
"post-run-1-result-75","rule:js/user-controlled-bypass|primaryLocationLineHash:b46e8d94b7a119ac:1|primaryLocationStartColumnFingerprint:5|artifact:geezle-backend/src/controllers/admin2fa.controller.ts|line:613","js/user-controlled-bypass","error","7.8","geezle-backend/src/controllers/admin2fa.controller.ts","613","This condition guards a sensitive [action](1), but a [user-provided value](2) controls it. This condition guards a sensitive [action](1), but a [user-provided value](3) controls it.","accepted safe pattern","production-runtime/public-route","The challenge token is used only to retrieve a server-created appSetting containing the bound userId and expiry; invalid or expired tokens are rejected before the TOTP/backup-code check","and the submitted code never selects the account.","Backend security owner","2026-09-24","","4fa003df704a3a369a1923dd1d752fc937ddd971","CBD3A5440642321E771B6808257B0CFEFD934E1106C504854E11889C4F7B5053"
"post-run-1-result-76","rule:js/user-controlled-bypass|primaryLocationLineHash:b46e8d94b7a119ac:1|primaryLocationStartColumnFingerprint:24|artifact:geezle-backend/src/controllers/admin2fa.controller.ts|line:613","js/user-controlled-bypass","error","7.8","geezle-backend/src/controllers/admin2fa.controller.ts","613","This condition guards a sensitive [action](1), but a [user-provided value](2) controls it. This condition guards a sensitive [action](1), but a [user-provided value](3) controls it.","accepted safe pattern","production-runtime/public-route","The challenge token is used only to retrieve a server-created appSetting containing the bound userId and expiry; invalid or expired tokens are rejected before the TOTP/backup-code check","and the submitted code never selects the account.","Backend security owner","2026-09-24","","4fa003df704a3a369a1923dd1d752fc937ddd971","CBD3A5440642321E771B6808257B0CFEFD934E1106C504854E11889C4F7B5053"
"post-run-1-result-77","rule:js/user-controlled-bypass|primaryLocationLineHash:8f5ac0d4e715df50:1|primaryLocationStartColumnFingerprint:5|artifact:geezle-backend/src/controllers/admin.systemSettings.controller.ts|line:895","js/user-controlled-bypass","error","7.8","geezle-backend/src/controllers/admin.systemSettings.controller.ts","895","This condition guards a sensitive [action](1), but a [user-provided value](2) controls it.","accepted safe pattern","production-runtime/authenticated-route","The recipient value only selects validation/error behavior; the route is protected by requirePermission('settings.enterprise_change') before testEmailSettings executes and normalized email settings are validated before transport use.","The route-level permission guard is covered by g2.6i.authorization-bypass.regression.test.ts; retain server-side permission enforcement.","Backend security owner","2026-09-24","","4fa003df704a3a369a1923dd1d752fc937ddd971","CBD3A5440642321E771B6808257B0CFEFD934E1106C504854E11889C4F7B5053"
"post-run-1-result-78","rule:js/user-controlled-bypass|primaryLocationLineHash:97e9c274a1647fc4:1|primaryLocationStartColumnFingerprint:5|artifact:geezle-backend/src/controllers/admin.systemSettings.controller.ts|line:908","js/user-controlled-bypass","error","7.8","geezle-backend/src/controllers/admin.systemSettings.controller.ts","908","This condition guards a sensitive [action](1), but a [user-provided value](2) controls it.","accepted safe pattern","production-runtime/authenticated-route","The recipient value only selects validation/error behavior; the route is protected by requirePermission('settings.enterprise_change') before testEmailSettings executes and normalized email settings are validated before transport use.","The route-level permission guard is covered by g2.6i.authorization-bypass.regression.test.ts; retain server-side permission enforcement.","Backend security owner","2026-09-24","","4fa003df704a3a369a1923dd1d752fc937ddd971","CBD3A5440642321E771B6808257B0CFEFD934E1106C504854E11889C4F7B5053"
"post-run-1-result-79","rule:js/user-controlled-bypass|primaryLocationLineHash:fb6be83c60b60503:1|primaryLocationStartColumnFingerprint:5|artifact:geezle-backend/src/controllers/auth.controller.ts|line:285","js/user-controlled-bypass","error","7.8","geezle-backend/src/controllers/auth.controller.ts","285","This condition guards a sensitive [action](1), but a [user-provided value](2) controls it. This condition guards a sensitive [action](3), but a [user-provided value](2) controls it.","accepted safe pattern","production-runtime/public-route","Registration role input is normalized and constrained to FREELANCER/EMPLOYER/CLIENT; invalid values default to EMPLOYER and cannot grant privileged staff roles.","The explicit self-registration role allowlist is in auth.controller.ts and is covered by existing registration controller tests.","Backend security owner","2026-09-24","","4fa003df704a3a369a1923dd1d752fc937ddd971","CBD3A5440642321E771B6808257B0CFEFD934E1106C504854E11889C4F7B5053"
"post-run-1-result-80","rule:js/user-controlled-bypass|primaryLocationLineHash:fb6be83c60b60503:1|primaryLocationStartColumnFingerprint:15|artifact:geezle-backend/src/controllers/auth.controller.ts|line:285","js/user-controlled-bypass","error","7.8","geezle-backend/src/controllers/auth.controller.ts","285","This condition guards a sensitive [action](1), but a [user-provided value](2) controls it. This condition guards a sensitive [action](3), but a [user-provided value](2) controls it.","accepted safe pattern","production-runtime/public-route","Registration role input is normalized and constrained to FREELANCER/EMPLOYER/CLIENT; invalid values default to EMPLOYER and cannot grant privileged staff roles.","The explicit self-registration role allowlist is in auth.controller.ts and is covered by existing registration controller tests.","Backend security owner","2026-09-24","","4fa003df704a3a369a1923dd1d752fc937ddd971","CBD3A5440642321E771B6808257B0CFEFD934E1106C504854E11889C4F7B5053"
"post-run-1-result-81","rule:js/user-controlled-bypass|primaryLocationLineHash:fb6be83c60b60503:1|primaryLocationStartColumnFingerprint:24|artifact:geezle-backend/src/controllers/auth.controller.ts|line:285","js/user-controlled-bypass","error","7.8","geezle-backend/src/controllers/auth.controller.ts","285","This condition guards a sensitive [action](1), but a [user-provided value](2) controls it. This condition guards a sensitive [action](3), but a [user-provided value](2) controls it.","accepted safe pattern","production-runtime/public-route","Registration role input is normalized and constrained to FREELANCER/EMPLOYER/CLIENT; invalid values default to EMPLOYER and cannot grant privileged staff roles.","The explicit self-registration role allowlist is in auth.controller.ts and is covered by existing registration controller tests.","Backend security owner","2026-09-24","","4fa003df704a3a369a1923dd1d752fc937ddd971","CBD3A5440642321E771B6808257B0CFEFD934E1106C504854E11889C4F7B5053"
"post-run-1-result-82","rule:js/user-controlled-bypass|primaryLocationLineHash:228aa7f62d55c94e:1|primaryLocationStartColumnFingerprint:4|artifact:geezle-backend/src/controllers/auth.controller.ts|line:392","js/user-controlled-bypass","error","7.8","geezle-backend/src/controllers/auth.controller.ts","392","This condition guards a sensitive [action](1), but a [user-provided value](2) controls it. This condition guards a sensitive [action](3), but a [user-provided value](2) controls it. This condition guards a sensitive [action](4), but a [user-provided value](2) controls it. This condition guards a sensitive [action](5), but a [user-provided value](2) controls it. This condition guards a sensitive [action](6), but a [user-provided value](2) controls it. This condition guards a sensitive [action](7), but a [user-provided value](2) controls it. This condition guards a sensitive [action](8), but a [user-provided value](2) controls it. This condition guards a sensitive [action](9), but a [user-provided value](2) controls it. This condition guards a sensitive [action](10), but a [user-provided value](2) controls it. This condition guards a sensitive [action](11), but a [user-provided value](2) controls it.","accepted safe pattern","production-runtime/public-route","Registration role input is normalized and constrained to FREELANCER/EMPLOYER/CLIENT; invalid values default to EMPLOYER and cannot grant privileged staff roles.","The explicit self-registration role allowlist is in auth.controller.ts and is covered by existing registration controller tests.","Backend security owner","2026-09-24","","4fa003df704a3a369a1923dd1d752fc937ddd971","CBD3A5440642321E771B6808257B0CFEFD934E1106C504854E11889C4F7B5053"
"post-run-1-result-83","rule:js/user-controlled-bypass|primaryLocationLineHash:228aa7f62d55c94e:1|primaryLocationStartColumnFingerprint:37|artifact:geezle-backend/src/controllers/auth.controller.ts|line:392","js/user-controlled-bypass","error","7.8","geezle-backend/src/controllers/auth.controller.ts","392","This condition guards a sensitive [action](1), but a [user-provided value](2) controls it. This condition guards a sensitive [action](3), but a [user-provided value](2) controls it. This condition guards a sensitive [action](4), but a [user-provided value](2) controls it. This condition guards a sensitive [action](5), but a [user-provided value](2) controls it. This condition guards a sensitive [action](6), but a [user-provided value](2) controls it. This condition guards a sensitive [action](7), but a [user-provided value](2) controls it. This condition guards a sensitive [action](8), but a [user-provided value](2) controls it. This condition guards a sensitive [action](9), but a [user-provided value](2) controls it. This condition guards a sensitive [action](10), but a [user-provided value](2) controls it.","accepted safe pattern","production-runtime/public-route","Registration role input is normalized and constrained to FREELANCER/EMPLOYER/CLIENT; invalid values default to EMPLOYER and cannot grant privileged staff roles.","The explicit self-registration role allowlist is in auth.controller.ts and is covered by existing registration controller tests.","Backend security owner","2026-09-24","","4fa003df704a3a369a1923dd1d752fc937ddd971","CBD3A5440642321E771B6808257B0CFEFD934E1106C504854E11889C4F7B5053"
"post-run-1-result-84","rule:js/user-controlled-bypass|primaryLocationLineHash:99d3f8b1df53b80a:1|primaryLocationStartColumnFingerprint:5|artifact:geezle-backend/src/controllers/auth.controller.ts|line:597","js/user-controlled-bypass","error","7.8","geezle-backend/src/controllers/auth.controller.ts","597","This condition guards a sensitive [action](1), but a [user-provided value](2) controls it. This condition guards a sensitive [action](3), but a [user-provided value](2) controls it.","accepted safe pattern","production-runtime/public-route","Registration role input is normalized and constrained to FREELANCER/EMPLOYER/CLIENT; invalid values default to EMPLOYER and cannot grant privileged staff roles.","The explicit self-registration role allowlist is in auth.controller.ts and is covered by existing registration controller tests.","Backend security owner","2026-09-24","","4fa003df704a3a369a1923dd1d752fc937ddd971","CBD3A5440642321E771B6808257B0CFEFD934E1106C504854E11889C4F7B5053"
"post-run-1-result-85","rule:js/user-controlled-bypass|primaryLocationLineHash:99d3f8b1df53b80a:1|primaryLocationStartColumnFingerprint:19|artifact:geezle-backend/src/controllers/auth.controller.ts|line:597","js/user-controlled-bypass","error","7.8","geezle-backend/src/controllers/auth.controller.ts","597","This condition guards a sensitive [action](1), but a [user-provided value](2) controls it. This condition guards a sensitive [action](3), but a [user-provided value](2) controls it.","accepted safe pattern","production-runtime/public-route","Registration role input is normalized and constrained to FREELANCER/EMPLOYER/CLIENT; invalid values default to EMPLOYER and cannot grant privileged staff roles.","The explicit self-registration role allowlist is in auth.controller.ts and is covered by existing registration controller tests.","Backend security owner","2026-09-24","","4fa003df704a3a369a1923dd1d752fc937ddd971","CBD3A5440642321E771B6808257B0CFEFD934E1106C504854E11889C4F7B5053"
"post-run-1-result-86","rule:js/user-controlled-bypass|primaryLocationLineHash:5ce3daee901c1bb5:1|primaryLocationStartColumnFingerprint:5|artifact:geezle-backend/src/controllers/auth.controller.ts|line:716","js/user-controlled-bypass","error","7.8","geezle-backend/src/controllers/auth.controller.ts","716","This condition guards a sensitive [action](1), but a [user-provided value](2) controls it. This condition guards a sensitive [action](3), but a [user-provided value](2) controls it.","accepted safe pattern","production-runtime/public-route","Registration role input is normalized and constrained to FREELANCER/EMPLOYER/CLIENT; invalid values default to EMPLOYER and cannot grant privileged staff roles.","The explicit self-registration role allowlist is in auth.controller.ts and is covered by existing registration controller tests.","Backend security owner","2026-09-24","","4fa003df704a3a369a1923dd1d752fc937ddd971","CBD3A5440642321E771B6808257B0CFEFD934E1106C504854E11889C4F7B5053"
"post-run-1-result-87","rule:js/user-controlled-bypass|primaryLocationLineHash:9ee0b48d2e6052fd:1|primaryLocationStartColumnFingerprint:5|artifact:geezle-backend/src/controllers/auth.controller.ts|line:778","js/user-controlled-bypass","error","7.8","geezle-backend/src/controllers/auth.controller.ts","778","This condition guards a sensitive [action](1), but a [user-provided value](2) controls it. This condition guards a sensitive [action](3), but a [user-provided value](2) controls it.","accepted safe pattern","production-runtime/public-route","Registration role input is normalized and constrained to FREELANCER/EMPLOYER/CLIENT; invalid values default to EMPLOYER and cannot grant privileged staff roles.","The explicit self-registration role allowlist is in auth.controller.ts and is covered by existing registration controller tests.","Backend security owner","2026-09-24","","4fa003df704a3a369a1923dd1d752fc937ddd971","CBD3A5440642321E771B6808257B0CFEFD934E1106C504854E11889C4F7B5053"
"post-run-1-result-88","rule:js/user-controlled-bypass|primaryLocationLineHash:9ee0b48d2e6052fd:1|primaryLocationStartColumnFingerprint:15|artifact:geezle-backend/src/controllers/auth.controller.ts|line:778","js/user-controlled-bypass","error","7.8","geezle-backend/src/controllers/auth.controller.ts","778","This condition guards a sensitive [action](1), but a [user-provided value](2) controls it. This condition guards a sensitive [action](3), but a [user-provided value](2) controls it.","accepted safe pattern","production-runtime/public-route","Registration role input is normalized and constrained to FREELANCER/EMPLOYER/CLIENT; invalid values default to EMPLOYER and cannot grant privileged staff roles.","The explicit self-registration role allowlist is in auth.controller.ts and is covered by existing registration controller tests.","Backend security owner","2026-09-24","","4fa003df704a3a369a1923dd1d752fc937ddd971","CBD3A5440642321E771B6808257B0CFEFD934E1106C504854E11889C4F7B5053"
"post-run-1-result-89","rule:js/user-controlled-bypass|primaryLocationLineHash:532fb6502b49b2a6:1|primaryLocationStartColumnFingerprint:15|artifact:geezle-backend/src/controllers/community.controller.ts|line:1884","js/user-controlled-bypass","error","7.8","geezle-backend/src/controllers/community.controller.ts","1884","This condition guards a sensitive [action](1), but a [user-provided value](2) controls it. This condition guards a sensitive [action](3), but a [user-provided value](2) controls it.","accepted safe pattern","production-runtime/authenticated-route","The repost route requires authMiddleware and actorId is taken from req.user.id; attachment IDs are resolved with the trusted actor context","while action restrictions and block relations are checked before creation.","Backend security owner","2026-09-24","","4fa003df704a3a369a1923dd1d752fc937ddd971","CBD3A5440642321E771B6808257B0CFEFD934E1106C504854E11889C4F7B5053"
"post-run-1-result-90","rule:js/user-controlled-bypass|primaryLocationLineHash:8fb21f4532e2b1b2:1|primaryLocationStartColumnFingerprint:4|artifact:geezle-backend/src/controllers/oauth.controller.ts|line:286","js/user-controlled-bypass","error","7.8","geezle-backend/src/controllers/oauth.controller.ts","286","This condition guards a sensitive [action](1), but a [user-provided value](2) controls it. This condition guards a sensitive [action](3), but a [user-provided value](2) controls it.","accepted safe pattern","production-runtime/public-route","OAuth provider selection is allowlisted and callback error redirects pass through state decoding and sanitizeInternalRedirect; scalar query extraction and signed/expiring state prevent arbitrary client input from granting a session or redirecting to an unapproved target.","Existing OAuth controller tests and the shared redirect sanitizer cover the approved internal redirect contract.","Backend security owner","2026-09-24","","4fa003df704a3a369a1923dd1d752fc937ddd971","CBD3A5440642321E771B6808257B0CFEFD934E1106C504854E11889C4F7B5053"
"post-run-1-result-91","rule:js/user-controlled-bypass|primaryLocationLineHash:e49249be12a70bde:1|primaryLocationStartColumnFingerprint:5|artifact:geezle-backend/src/controllers/walletFunding.controller.ts|line:1888","js/user-controlled-bypass","error","7.8","geezle-backend/src/controllers/walletFunding.controller.ts","1888","This condition guards a sensitive [action](1), but a [user-provided value](2) controls it. This condition guards a sensitive [action](1), but a [user-provided value](3) controls it.","accepted safe pattern","production-runtime/internal payment webhook","The status controls settlement only after the handler verifies a configured Antom public key and a complete signature envelope with verifyAntomSignature; missing or invalid signatures return 401 before lookup or settlement. Regression coverage: g2.6i.webhook-authorization.regression.test.ts and antom.signature.unit.test.ts.","No source change required for this finding; retain signature verification and regression tests.","Backend security owner","2026-09-24","","4fa003df704a3a369a1923dd1d752fc937ddd971","CBD3A5440642321E771B6808257B0CFEFD934E1106C504854E11889C4F7B5053"
"post-run-1-result-92","rule:js/user-controlled-bypass|primaryLocationLineHash:e49249be12a70bde:1|primaryLocationStartColumnFingerprint:25|artifact:geezle-backend/src/controllers/walletFunding.controller.ts|line:1888","js/user-controlled-bypass","error","7.8","geezle-backend/src/controllers/walletFunding.controller.ts","1888","This condition guards a sensitive [action](1), but a [user-provided value](2) controls it. This condition guards a sensitive [action](1), but a [user-provided value](3) controls it.","accepted safe pattern","production-runtime/internal payment webhook","The status controls settlement only after the handler verifies a configured Antom public key and a complete signature envelope with verifyAntomSignature; missing or invalid signatures return 401 before lookup or settlement. Regression coverage: g2.6i.webhook-authorization.regression.test.ts and antom.signature.unit.test.ts.","No source change required for this finding; retain signature verification and regression tests.","Backend security owner","2026-09-24","","4fa003df704a3a369a1923dd1d752fc937ddd971","CBD3A5440642321E771B6808257B0CFEFD934E1106C504854E11889C4F7B5053"
"post-run-1-result-93","rule:js/user-controlled-bypass|primaryLocationLineHash:e49249be12a70bde:1|primaryLocationStartColumnFingerprint:41|artifact:geezle-backend/src/controllers/walletFunding.controller.ts|line:1888","js/user-controlled-bypass","error","7.8","geezle-backend/src/controllers/walletFunding.controller.ts","1888","This condition guards a sensitive [action](1), but a [user-provided value](2) controls it. This condition guards a sensitive [action](1), but a [user-provided value](3) controls it.","accepted safe pattern","production-runtime/internal payment webhook","The status controls settlement only after the handler verifies a configured Antom public key and a complete signature envelope with verifyAntomSignature; missing or invalid signatures return 401 before lookup or settlement. Regression coverage: g2.6i.webhook-authorization.regression.test.ts and antom.signature.unit.test.ts.","No source change required for this finding; retain signature verification and regression tests.","Backend security owner","2026-09-24","","4fa003df704a3a369a1923dd1d752fc937ddd971","CBD3A5440642321E771B6808257B0CFEFD934E1106C504854E11889C4F7B5053"
"post-run-1-result-94","rule:js/user-controlled-bypass|primaryLocationLineHash:c870f6e91cb6f4fe:1|primaryLocationStartColumnFingerprint:5|artifact:geezle-backend/src/middleware/auth.middleware.ts|line:155","js/user-controlled-bypass","error","7.8","geezle-backend/src/middleware/auth.middleware.ts","155","This condition guards a sensitive [action](1), but a [user-provided value](2) controls it. This condition guards a sensitive [action](1), but a [user-provided value](3) controls it.","accepted safe pattern","production-runtime/authenticated-route","Development bypass requires explicit ALLOW_DEV_AUTH_BYPASS, rejects production and K_SERVICE, and requires an explicit role input.","Retain explicit opt-in and production refusal.","Backend security owner","2026-09-24","","4fa003df704a3a369a1923dd1d752fc937ddd971","CBD3A5440642321E771B6808257B0CFEFD934E1106C504854E11889C4F7B5053"
"post-run-1-result-95","rule:js/insecure-temporary-file|primaryLocationLineHash:54daafce9a915f4c:1|primaryLocationStartColumnFingerprint:17|artifact:geezle-backend/src/__tests__/mediaVideoPoster.unit.test.ts|line:70","js/insecure-temporary-file","warning","7.0","geezle-backend/src/__tests__/mediaVideoPoster.unit.test.ts","70","Insecure creation of file in [the os temp dir](1).","build/test-only finding","test-only","The result is confined to a test fixture under src/__tests__/ and is not part of normal production application execution or the final runtime image.","No production remediation required; retain test isolation and re-review if the fixture moves into runtime code.","Build/test owner","2026-09-24","","4fa003df704a3a369a1923dd1d752fc937ddd971","CBD3A5440642321E771B6808257B0CFEFD934E1106C504854E11889C4F7B5053"
"post-run-1-result-96","rule:js/insecure-temporary-file|primaryLocationLineHash:54daafce9a915f4c:2|primaryLocationStartColumnFingerprint:17|artifact:geezle-backend/src/__tests__/mediaVideoPoster.unit.test.ts|line:91","js/insecure-temporary-file","warning","7.0","geezle-backend/src/__tests__/mediaVideoPoster.unit.test.ts","91","Insecure creation of file in [the os temp dir](1).","build/test-only finding","test-only","The result is confined to a test fixture under src/__tests__/ and is not part of normal production application execution or the final runtime image.","No production remediation required; retain test isolation and re-review if the fixture moves into runtime code.","Build/test owner","2026-09-24","","4fa003df704a3a369a1923dd1d752fc937ddd971","CBD3A5440642321E771B6808257B0CFEFD934E1106C504854E11889C4F7B5053"
"post-run-1-result-97","rule:js/insecure-temporary-file|primaryLocationLineHash:fdcceabf509dc1b6:1|primaryLocationStartColumnFingerprint:17|artifact:geezle-backend/src/__tests__/mediaVideoPoster.unit.test.ts|line:113","js/insecure-temporary-file","warning","7.0","geezle-backend/src/__tests__/mediaVideoPoster.unit.test.ts","113","Insecure creation of file in [the os temp dir](1).","build/test-only finding","test-only","The result is confined to a test fixture under src/__tests__/ and is not part of normal production application execution or the final runtime image.","No production remediation required; retain test isolation and re-review if the fixture moves into runtime code.","Build/test owner","2026-09-24","","4fa003df704a3a369a1923dd1d752fc937ddd971","CBD3A5440642321E771B6808257B0CFEFD934E1106C504854E11889C4F7B5053"
"post-run-1-result-98","rule:js/insecure-temporary-file|primaryLocationLineHash:c020c22a42806f6f:1|primaryLocationStartColumnFingerprint:17|artifact:geezle-backend/src/__tests__/mediaVideoPoster.unit.test.ts|line:148","js/insecure-temporary-file","warning","7.0","geezle-backend/src/__tests__/mediaVideoPoster.unit.test.ts","148","Insecure creation of file in [the os temp dir](1).","build/test-only finding","test-only","The result is confined to a test fixture under src/__tests__/ and is not part of normal production application execution or the final runtime image.","No production remediation required; retain test isolation and re-review if the fixture moves into runtime code.","Build/test owner","2026-09-24","","4fa003df704a3a369a1923dd1d752fc937ddd971","CBD3A5440642321E771B6808257B0CFEFD934E1106C504854E11889C4F7B5053"
"post-run-1-result-99","rule:js/insecure-temporary-file|primaryLocationLineHash:bbac3792fad7e1e0:1|primaryLocationStartColumnFingerprint:17|artifact:geezle-backend/src/__tests__/mediaVideoPoster.unit.test.ts|line:193","js/insecure-temporary-file","warning","7.0","geezle-backend/src/__tests__/mediaVideoPoster.unit.test.ts","193","Insecure creation of file in [the os temp dir](1).","build/test-only finding","test-only","The result is confined to a test fixture under src/__tests__/ and is not part of normal production application execution or the final runtime image.","No production remediation required; retain test isolation and re-review if the fixture moves into runtime code.","Build/test owner","2026-09-24","","4fa003df704a3a369a1923dd1d752fc937ddd971","CBD3A5440642321E771B6808257B0CFEFD934E1106C504854E11889C4F7B5053"
"post-run-1-result-100","rule:js/insecure-temporary-file|primaryLocationLineHash:54daafce9a915f4c:3|primaryLocationStartColumnFingerprint:17|artifact:geezle-backend/src/__tests__/mediaVideoPoster.unit.test.ts|line:219","js/insecure-temporary-file","warning","7.0","geezle-backend/src/__tests__/mediaVideoPoster.unit.test.ts","219","Insecure creation of file in [the os temp dir](1).","build/test-only finding","test-only","The result is confined to a test fixture under src/__tests__/ and is not part of normal production application execution or the final runtime image.","No production remediation required; retain test isolation and re-review if the fixture moves into runtime code.","Build/test owner","2026-09-24","","4fa003df704a3a369a1923dd1d752fc937ddd971","CBD3A5440642321E771B6808257B0CFEFD934E1106C504854E11889C4F7B5053"
"post-run-1-result-101","rule:js/insecure-temporary-file|primaryLocationLineHash:2a9cdf0457ac13b0:1|primaryLocationStartColumnFingerprint:17|artifact:geezle-backend/src/__tests__/mediaVideoProbe.unit.test.ts|line:173","js/insecure-temporary-file","warning","7.0","geezle-backend/src/__tests__/mediaVideoProbe.unit.test.ts","173","Insecure creation of file in [the os temp dir](1).","build/test-only finding","test-only","The result is confined to a test fixture under src/__tests__/ and is not part of normal production application execution or the final runtime image.","No production remediation required; retain test isolation and re-review if the fixture moves into runtime code.","Build/test owner","2026-09-24","","4fa003df704a3a369a1923dd1d752fc937ddd971","CBD3A5440642321E771B6808257B0CFEFD934E1106C504854E11889C4F7B5053"
"post-run-1-result-102","rule:js/insecure-temporary-file|primaryLocationLineHash:6f740fa472ab336d:1|primaryLocationStartColumnFingerprint:17|artifact:geezle-backend/src/__tests__/mediaVideoProbe.unit.test.ts|line:193","js/insecure-temporary-file","warning","7.0","geezle-backend/src/__tests__/mediaVideoProbe.unit.test.ts","193","Insecure creation of file in [the os temp dir](1).","build/test-only finding","test-only","The result is confined to a test fixture under src/__tests__/ and is not part of normal production application execution or the final runtime image.","No production remediation required; retain test isolation and re-review if the fixture moves into runtime code.","Build/test owner","2026-09-24","","4fa003df704a3a369a1923dd1d752fc937ddd971","CBD3A5440642321E771B6808257B0CFEFD934E1106C504854E11889C4F7B5053"
"post-run-1-result-103","rule:js/insecure-temporary-file|primaryLocationLineHash:6f740fa472ab336d:2|primaryLocationStartColumnFingerprint:17|artifact:geezle-backend/src/__tests__/mediaVideoProbe.unit.test.ts|line:210","js/insecure-temporary-file","warning","7.0","geezle-backend/src/__tests__/mediaVideoProbe.unit.test.ts","210","Insecure creation of file in [the os temp dir](1).","build/test-only finding","test-only","The result is confined to a test fixture under src/__tests__/ and is not part of normal production application execution or the final runtime image.","No production remediation required; retain test isolation and re-review if the fixture moves into runtime code.","Build/test owner","2026-09-24","","4fa003df704a3a369a1923dd1d752fc937ddd971","CBD3A5440642321E771B6808257B0CFEFD934E1106C504854E11889C4F7B5053"
"post-run-1-result-104","rule:js/insecure-temporary-file|primaryLocationLineHash:6f740fa472ab336d:3|primaryLocationStartColumnFingerprint:17|artifact:geezle-backend/src/__tests__/mediaVideoProbe.unit.test.ts|line:255","js/insecure-temporary-file","warning","7.0","geezle-backend/src/__tests__/mediaVideoProbe.unit.test.ts","255","Insecure creation of file in [the os temp dir](1).","build/test-only finding","test-only","The result is confined to a test fixture under src/__tests__/ and is not part of normal production application execution or the final runtime image.","No production remediation required; retain test isolation and re-review if the fixture moves into runtime code.","Build/test owner","2026-09-24","","4fa003df704a3a369a1923dd1d752fc937ddd971","CBD3A5440642321E771B6808257B0CFEFD934E1106C504854E11889C4F7B5053"
